ID number,Name,Course,Year Level,Gender
2019-0001,"Vale, Francis R.",BSCS,2nd Year,Male
2019-0002,"Test, Owh K.",BSCS,2nd Year,Female
2019-0003,aw,123123,123123,1231
2019-0004,Try2,123123,123123,1231
2019-0005,Try3,123123,123123,1231
2019-0006,Try4,123123,123123,1231
2019-0007,Try5,123123,123123,1231
2019-0008,Try6,123123,123123,1231
2019-0009,Try7,123123,123123,1231
2019-0010,Try8,123123,123123,1231
2019-0125,"Manzanas, Rekto",123123,123123,1231
2019-0126,"Manzanas, Rekta",123123,123123,1231
23,23,23,23,23
21,qwer,qwer,qwer,wqer
22,qwe,das,dasd,asd
